-- Inserindo dados da entidade Categoria --
INSERT INTO CATEGORIA (ID, NOME) VALUES (1, 'informática');
INSERT INTO CATEGORIA (ID, NOME) VALUES (2, 'Educação');
INSERT INTO CATEGORIA (ID, NOME) VALUES (3, 'Eletrônico');
INSERT INTO CATEGORIA (ID, NOME) VALUES (4, 'Jogos');

-- Inserindo dados da entidade Produto --
INSERT INTO PRODUTO (ID, NOME, PRECO) VALUES (1, 'Computador', 2000.0);
INSERT INTO PRODUTO (ID, NOME, PRECO) VALUES (2, 'Impressora', 250.0);
INSERT INTO PRODUTO (ID, NOME, PRECO) VALUES (3, 'Mouse', 30.0);
INSERT INTO PRODUTO (ID, NOME, PRECO) VALUES (4, 'Livro Java', 130.0);
INSERT INTO PRODUTO (ID, NOME, PRECO) VALUES (5, 'GTA V', 115.0);
INSERT INTO PRODUTO (ID, NOME, PRECO) VALUES (6, 'Kindle', 330.0);
INSERT INTO PRODUTO (ID, NOME, PRECO) VALUES (7, 'Máquina de Lavar', 900.0);
INSERT INTO PRODUTO (ID, NOME, PRECO) VALUES (8, 'Arte da Guerra', 50.0);

 -- Inserindo os relacionamentos --
INSERT INTO PRODUTO_CATEGORIA (produto_id, categoria_id) VALUES (1, 1);
INSERT INTO PRODUTO_CATEGORIA (produto_id, categoria_id) VALUES (2, 1);
INSERT INTO PRODUTO_CATEGORIA (produto_id, categoria_id) VALUES (3, 1);
INSERT INTO PRODUTO_CATEGORIA (produto_id, categoria_id) VALUES (4, 2);
INSERT INTO PRODUTO_CATEGORIA (produto_id, categoria_id) VALUES (5, 4);
INSERT INTO PRODUTO_CATEGORIA (produto_id, categoria_id) VALUES (6, 3);
INSERT INTO PRODUTO_CATEGORIA (produto_id, categoria_id) VALUES (7, 3);
INSERT INTO PRODUTO_CATEGORIA (produto_id, categoria_id) VALUES (8, 2);

-- Inserindo Estados --
INSERT INTO ESTADO (ID, ESTADO) VALUES (1, 'PB');
INSERT INTO ESTADO (ID, ESTADO) VALUES (2, 'MG');

-- Inserindo Cidades --
INSERT INTO CIDADE (ID, CIDADE, ESTADO_ID) VALUES (1, 'Campina Grande', 1);
INSERT INTO CIDADE (ID, CIDADE, ESTADO_ID) VALUES (2, 'João Pessoa', 1);
INSERT INTO CIDADE (ID, CIDADE, ESTADO_ID) VALUES (3, 'Belo Horizonte', 2);

-- Inserindo Clientes --
INSERT INTO CLIENTE (ID, NOME, EMAIL, CPFOUCNPJ, TIPO_CLIENTE) VALUES (1, 'Matheus Glauber', 'glauber@email.com', '98266041008', 1);
INSERT INTO CLIENTE (ID, NOME, EMAIL, CPFOUCNPJ, TIPO_CLIENTE) VALUES (2, 'Laissa Albuquerque', 'assial@email.com', '94907721005', 1);
INSERT INTO CLIENTE (ID, NOME, EMAIL, CPFOUCNPJ, TIPO_CLIENTE) VALUES (3, 'Catrix Enterprise', 'catrix_enterprise@catrix.com', '24592587000133', 2);

-- Inserindo Enderecos --
INSERT INTO ENDERECO (ID, LOGRADOURO, NUMERO, COMPLEMENTO, BAIRRO, CEP, CLIENTE_ID, CIDADE_ID) VALUES (1, 'Rua José Gomes da Silva', '100', 'Acima do céu', 'Serrotão', '58436750', 1, 1);
INSERT INTO ENDERECO (ID, LOGRADOURO, NUMERO, COMPLEMENTO, BAIRRO, CEP, CLIENTE_ID, CIDADE_ID) VALUES (2, 'Rua José Elpídio da Costa Monteiro', '1200', 'Apt 203, Bloco H', 'São José', '58400424', 2, 1);
INSERT INTO ENDERECO (ID, LOGRADOURO, NUMERO, COMPLEMENTO, BAIRRO, CEP, CLIENTE_ID, CIDADE_ID) VALUES (3, 'Rua Cláudio Batista da Silva', '550', 'Ao lado da rodoviaria', 'Ernesto Geisel', '58075439', 3, 2);

-- Inserindo Telefones --
INSERT INTO TELEFONE (CLIENTE_ID, TELEFONES) VALUES (1, '83999999999');
INSERT INTO TELEFONE (CLIENTE_ID, TELEFONES) VALUES (2, '83988998899');
INSERT INTO TELEFONE (CLIENTE_ID, TELEFONES) VALUES (3, '8333215547');
INSERT INTO TELEFONE (CLIENTE_ID, TELEFONES) VALUES (3, '83986052520');
